{"cameraMode":{"drawMode":0,"name":"Shaded","section":"Shading Mode"},"sceneLighting":true,"audioPlay":false,"sceneViewState":{"m_AlwaysRefresh":false,"showFog":true,"showSkybox":true,"showFlares":true,"showImageEffects":true,"showParticleSystems":true,"showVisualEffectGraphs":true,"m_FxEnabled":true},"in2DMode":false,"pivot":{"x":610.3546142578125,"y":388.147216796875,"z":-42.135528564453128},"rotation":{"x":0.02518274262547493,"y":0.014958702027797699,"z":0.0004690957721322775,"w":-0.999600350856781},"size":168.25624084472657,"orthographic":false}